epsilon,delta,buckets,tables,single_table_failure_bound,median_failure_bound,counters,state_bytes_i64
0.050000000000000003,0.001,8192,9,0.097656249999999986,0.00079800358463890406,73728,589824
0.050000000000000003,9.9999999999999995e-07,8192,23,0.097656249999999986,3.6103341125519386e-07,188416,1507328
0.050000000000000003,1.0000000000000001e-09,8192,35,0.097656249999999986,5.7078017019172692e-10,286720,2293760
0.10000000000000001,0.001,2048,9,0.097656249999999986,0.00079800358463890406,18432,147456
0.10000000000000001,9.9999999999999995e-07,2048,23,0.097656249999999986,3.6103341125519386e-07,47104,376832
0.10000000000000001,1.0000000000000001e-09,2048,35,0.097656249999999986,5.7078017019172692e-10,71680,573440
0.20000000000000001,0.001,512,9,0.097656249999999986,0.00079800358463890406,4608,36864
0.20000000000000001,9.9999999999999995e-07,512,23,0.097656249999999986,3.6103341125519386e-07,11776,94208
0.20000000000000001,1.0000000000000001e-09,512,35,0.097656249999999986,5.7078017019172692e-10,17920,143360
